-- phpMyAdmin SQL Dump
-- version 5.1.1
-- https://www.phpmyadmin.net/
--
-- Host: 127.0.0.1
-- Generation Time: Jan 03, 2023 at 10:45 AM
-- Server version: 10.4.22-MariaDB
-- PHP Version: 8.1.2

SET SQL_MODE = "NO_AUTO_VALUE_ON_ZERO";
START TRANSACTION;
SET time_zone = "+00:00";


/*!40101 SET @OLD_CHARACTER_SET_CLIENT=@@CHARACTER_SET_CLIENT */;
/*!40101 SET @OLD_CHARACTER_SET_RESULTS=@@CHARACTER_SET_RESULTS */;
/*!40101 SET @OLD_COLLATION_CONNECTION=@@COLLATION_CONNECTION */;
/*!40101 SET NAMES utf8mb4 */;

--
-- Database: `quizapp`
--

-- --------------------------------------------------------

--
-- Table structure for table `challengingchoices`
--

CREATE TABLE `challengingchoices` (
  `id` int(11) NOT NULL,
  `question_number` int(11) NOT NULL,
  `is_correct` tinyint(4) NOT NULL DEFAULT 0,
  `text_` text NOT NULL
) ENGINE=InnoDB DEFAULT CHARSET=utf8;

--
-- Dumping data for table `challengingchoices`
--

INSERT INTO `challengingchoices` (`id`, `question_number`, `is_correct`, `text_`) VALUES
(1, 1, 0, 'first answer'),
(2, 1, 0, 'second answer'),
(3, 1, 1, 'third answer'),
(4, 1, 0, 'fourth answer');

-- --------------------------------------------------------

--
-- Table structure for table `challengingquestions`
--

CREATE TABLE `challengingquestions` (
  `question_number` int(11) NOT NULL,
  `text_` text NOT NULL
) ENGINE=InnoDB DEFAULT CHARSET=utf8;

--
-- Dumping data for table `challengingquestions`
--

INSERT INTO `challengingquestions` (`question_number`, `text_`) VALUES
(1, 'first challenging question');

-- --------------------------------------------------------

--
-- Table structure for table `easychoices`
--

CREATE TABLE `easychoices` (
  `id` int(11) NOT NULL,
  `question_number` int(11) NOT NULL,
  `is_correct` tinyint(1) NOT NULL DEFAULT 0,
  `text_` text NOT NULL
) ENGINE=InnoDB DEFAULT CHARSET=utf8;

--
-- Dumping data for table `easychoices`
--

INSERT INTO `easychoices` (`id`, `question_number`, `is_correct`, `text_`) VALUES
(1, 1, 1, '60 mph'),
(2, 1, 0, '70 mph'),
(3, 1, 0, '80 mph'),
(4, 1, 0, '90 mph'),
(5, 2, 1, '30 mph'),
(6, 2, 0, '40 mph'),
(7, 2, 0, '50 mph'),
(8, 2, 0, '60 mph'),
(9, 3, 0, 'Wait for one hour after your last drink before you drive home.'),
(10, 3, 1, 'Organise before hand a way of getting home where you are not the driver.'),
(11, 3, 0, 'After you have had a few drinks, start to think about how you will get home.'),
(12, 4, 0, 'Exercising and drinking black coffee.'),
(13, 4, 0, 'Buying a breathalyser (alcohol measuring instrument).'),
(14, 4, 1, 'Not drinking any alcohol.'),
(15, 5, 1, 'Read the label and confirm they are not prescription drugs and there are no special warnings on the label.'),
(16, 5, 0, 'Ask your friend if the tablets have affected them.'),
(17, 5, 0, 'Drink a large glass of milk because this reduces the adverse effects of medicines and drugs.'),
(18, 6, 0, 'Pull over and wait till it stops raining.'),
(19, 6, 1, 'Slow down to a speed that suits the conditions better.'),
(20, 6, 0, 'Keep going at the same speed because that\'s how fast the signs tell you to drive.'),
(59, 7, 1, 'hamza'),
(60, 7, 0, 'aya'),
(61, 7, 0, 'hiba'),
(62, 8, 0, 'Khadijah'),
(63, 8, 0, 'aya'),
(64, 8, 0, 'ruba'),
(65, 8, 1, 'amina');

-- --------------------------------------------------------

--
-- Table structure for table `easyquestions`
--

CREATE TABLE `easyquestions` (
  `question_number` int(11) NOT NULL,
  `text_` text NOT NULL
) ENGINE=InnoDB DEFAULT CHARSET=utf8;

--
-- Dumping data for table `easyquestions`
--

INSERT INTO `easyquestions` (`question_number`, `text_`) VALUES
(1, 'The speed limit in rural areas is: '),
(2, 'The speed limit in residential areas is: '),
(3, 'If you are going out and going to drink alcohol, the best way to avoid having to drink and drive is to:'),
(4, 'What is the safest way to stay under the legal alcohol limit?'),
(5, 'You want to drive your car but you have a very bad headache. A friend gives you some of their headache tablets to kill the pain. What should you do before you take these tablets?'),
(6, 'You are driving in busy traffic in an 80 km/h zone. It begins to rain lightly. What should you do?'),
(7, 'my name is '),
(8, 'my moms name is');

-- --------------------------------------------------------

--
-- Table structure for table `easysignchoices`
--

CREATE TABLE `easysignchoices` (
  `id` int(11) NOT NULL,
  `question_number` int(11) NOT NULL,
  `is_correct` tinyint(4) NOT NULL DEFAULT 0,
  `text_` text NOT NULL
) ENGINE=InnoDB DEFAULT CHARSET=utf8;

--
-- Dumping data for table `easysignchoices`
--

INSERT INTO `easysignchoices` (`id`, `question_number`, `is_correct`, `text_`) VALUES
(1, 1, 0, 'right'),
(2, 1, 0, 'left'),
(3, 1, 0, 'u-turn'),
(4, 1, 1, 'no u-turn');

-- --------------------------------------------------------

--
-- Table structure for table `easysignquestions`
--

CREATE TABLE `easysignquestions` (
  `question_number` int(11) NOT NULL,
  `image` blob NOT NULL
) ENGINE=InnoDB DEFAULT CHARSET=utf8;

--
-- Dumping data for table `easysignquestions`
--

INSERT INTO `easysignquestions` (`question_number`, `image`) VALUES
(1, 0xffd8ffe000104a46494600010101012c012c0000ffe1003e45786966000049492a000800000001000e0102001c0000001a00000000000000552d5475726e20666f7262696464656e202d20726f6164207369676effe1053b687474703a2f2f6e732e61646f62652e636f6d2f7861702f312e302f003c3f787061636b657420626567696e3d22efbbbf222069643d2257354d304d7043656869487a7265537a4e54637a6b633964223f3e0a3c783a786d706d65746120786d6c6e733a783d2261646f62653a6e733a6d6574612f223e0a093c7264663a52444620786d6c6e733a7264663d22687474703a2f2f7777772e77332e6f72672f313939392f30322f32322d7264662d73796e7461782d6e7323223e0a09093c7264663a4465736372697074696f6e207264663a61626f75743d222220786d6c6e733a70686f746f73686f703d22687474703a2f2f6e732e61646f62652e636f6d2f70686f746f73686f702f312e302f2220786d6c6e733a4970746334786d70436f72653d22687474703a2f2f697074632e6f72672f7374642f4970746334786d70436f72652f312e302f786d6c6e732f22202020786d6c6e733a4765747479496d61676573474946543d22687474703a2f2f786d702e6765747479696d616765732e636f6d2f676966742f312e302f2220786d6c6e733a64633d22687474703a2f2f7075726c2e6f72672f64632f656c656d656e74732f312e312f2220786d6c6e733a706c75733d22687474703a2f2f6e732e757365706c75732e6f72672f6c64662f786d702f312e302f222020786d6c6e733a697074634578743d22687474703a2f2f697074632e6f72672f7374642f4970746334786d704578742f323030382d30322d32392f2220786d6c6e733a786d705269676874733d22687474703a2f2f6e732e61646f62652e636f6d2f7861702f312e302f7269676874732f222070686f746f73686f703a4372656469743d22476574747920496d616765732f6953746f636b70686f746f22204765747479496d61676573474946543a417373657449443d22313230373536373634352220786d705269676874733a57656253746174656d656e743d2268747470733a2f2f7777772e6973746f636b70686f746f2e636f6d2f6c6567616c2f6c6963656e73652d61677265656d656e743f75746d5f6d656469756d3d6f7267616e696326616d703b75746d5f736f757263653d676f6f676c6526616d703b75746d5f63616d706169676e3d6970746375726c22203e0a3c64633a63726561746f723e3c7264663a5365713e3c7264663a6c693e6b6c65653132333c2f7264663a6c693e3c2f7264663a5365713e3c2f64633a63726561746f723e3c64633a6465736372697074696f6e3e3c7264663a416c743e3c7264663a6c6920786d6c3a6c616e673d22782d64656661756c74223e552d5475726e20666f7262696464656e202d20726f6164207369676e3c2f7264663a6c693e3c2f7264663a416c743e3c2f64633a6465736372697074696f6e3e0a3c706c75733a4c6963656e736f723e3c7264663a5365713e3c7264663a6c69207264663a7061727365547970653d275265736f75726365273e3c706c75733a4c6963656e736f7255524c3e68747470733a2f2f7777772e6973746f636b70686f746f2e636f6d2f70686f746f2f6c6963656e73652d676d313230373536373634352d3f75746d5f6d656469756d3d6f7267616e696326616d703b75746d5f736f757263653d676f6f676c6526616d703b75746d5f63616d706169676e3d6970746375726c3c2f706c75733a4c6963656e736f7255524c3e3c2f7264663a6c693e3c2f7264663a5365713e3c2f706c75733a4c6963656e736f723e0a09093c2f7264663a4465736372697074696f6e3e0a093c2f7264663a5244463e0a3c2f783a786d706d6574613e0a3c3f787061636b657420656e643d2277223f3e0affed006650686f746f73686f7020332e30003842494d040400000000004a1c025000076b6c65653132331c0278001c552d5475726e20666f7262696464656e202d20726f6164207369676e1c026e0018476574747920496d616765732f6953746f636b70686f746fffdb0043000a07070807060a0808080b0a0a0b0e18100e0d0d0e1d15161118231f2524221f2221262b372f26293429212230413134393b3e3e3e252e4449433c48373d3e3bffdb0043010a0b0b0e0d0e1c10101c3b2822283b3b3b3b3b3b3b3b3b3b3b3b3b3b3b3b3b3b3b3b3b3b3b3b3b3b3b3b3b3b3b3b3b3b3b3b3b3b3b3b3b3b3b3b3b3b3b3b3b3bffc20011080264026403011100021101031101ffc4001b00010002030101000000000000000000000005060304070201ffc4001a010100020301000000000000000000000000030401020506ffda000c03010002100310000001b9800000000000000000000000000000000000000000000000000000000000000000000000000000000000000000000000000000000000000000000000000000000000000000000000000000000000000000000000000000000000000000000000000000000000000000000000000000000000000000000000000000000000000000000000000000000000000000000000000000000000000000000000007c30e24c58dbce361eb38c8d32e74f79c00000000000000000000000000000000000000000000000316368ed2dc7e967475b3a7acdaf897e632000067da3dbcc3bbbd7dfdaac96f576768800000000000000000000000000000000000000001871bc3477e1e3bd1da5af98c8000000000006e6d04bc9466a5a1b9b40000000000000000000000000000000000000047e966bf174e223bde71900000000000000002437ab609b9b2f250f400000000000000000000000000000000008fd2cd661ebc6476c00000000000000000001b5b43649b93352d0fa0000000000000000000000000000000c1892af0762162be00000000000000000000000dfdeb5aa7e3486f58000000000000000000000000000010b15faac1d9c58dc0000000000000000000000007dcac12f2ecb3727de7000000000000000000000000000f18cd520ed4245d00000000000000000000000000001bdbd7b8d8e16d6d08000000000000000000000000d7d64a657efe8e960000000003de71bfbd5dfdab6e6d06ced166cc7edafd3c338b126be24d4d67d1d2cc7696b0e37000000000cb9d2e3678527bd40000000000000000000000069eb3d2ab77f5f5940000000f79d6624a33325092dea7bce000000001f0d1d2cc3c77a163bfafaca00000007ace2db6389352500000000000000000000001a5acf49abe830e2400000019f68ec32f2e725e765cea0000000000003e1111deaec3d4d0d2c8000000fa5b6c7126e5e7800000000000000000003575968f5bd160d64000000f79c58a6e55865e5fbce00000000000000007c21e3bd5883b1adaca000001f72b858e0cc494800000000000000000062c6d46abe8b5359c000002477ab6eb1c4dada100000018c8a238d63c994dd250de3e8000063c6d5987af010f48000003d67177b3e7a437ac00000000000000000f8536b77a263ba000001392f3ad9638bf4000007c214aa1047800000de2ca5a8d900000888eed46bf731e36000006c6d1dead79ccf98c0000000000000000af43d3abc1d800000019b3a5d2cf037f7ac00004694421800000000642e05bcf60000d2d67a5d6efebeb2800002524a774b3c0fa000000000000000696b3d16afa3f38c80000001ef3adcac70a524a60015628a7800000000000953a29b80000d6d65a4d6f41abacc00000b5d8e34f4bcd000000000000007c29157d0c76968000000003ee716e9f89352d002985300000000000001b674c37c0001abacb47ade8b06b200001933adf6df9ad8cc6000000000000042c57ea15fb800000000000b4cfc7b04dcca9945000000000000001ba75036400011fa59a456f43e719000026e5e7dbac71000000000000079c668357d2eb6b28000000000004bcdcba6cfc8f20000000000000004e1d24fa0000818ba354afda000005f2df9bddda0000000000000828ba353afda000033674f2ce3c6c0000003525e7c6d8e200001b858c94331ae4415c30000000e805980001f0a656ef454774000098968dc6c70800000000001f0a1d4f49a7ace00005bec70f73682975fbf835900000006b494a32c70be67007b2ee5a8f4000622985440000370eb07a00006b6b2d0aafa5f18c8000fb95fad799dada200000000002334b749abe800000dfdeb5e6d79dfa6aeb352ab77f5759800000060deac5d9e0f9ce990e944c00000015939f800007442c4000015983ad5c87aa000058a6e5d9e7e40000000000151afdb848ba000005d2cf02564a6060c494baddfd1d2c0000000c5b411567817eda2b280000000520a800002c074600000c58df9fd4f4d8f1b0000cfb47d06df98fa00000000079c679e54f518f1b0000dcde0be5af37f40063c6d4dafde8c8ed8000000f9b457db3c0ddda00000000311c98d7000331d7cfa000015683b15f87a600005ded79e92dea80000000045c76e955bd0000016a9f8d3f373400079c66a3076e1a2be00000032e74b9d9e048ef580000000a2953000075737c000034f59a8553d280001619b97689f900000000015883af5d87a80003ee5d06df97cf9d00000f855a0ecc043d20000001ef38b858e14b4948000000574e760000e964d800000a2d5f45a1a590001bbbd7be5af3800000000147abe863b4b40002477ab78b5e78000003e15d87a95983ae0000003ee56c9f89392f3c00000220e600000e8c5800000056e1ead6a0eb0000fa743b9e5b2e7500000003e1cea9faaf18c8000b24fcab2cdc9000000039cc5d1c7076bee00000002cf3f22c5372c000011073000007462c00000023b4b547abe840000bbdaf3d25bd5000000035359a8353d28000174b3c09592980000001cbcd28eec9d7eefdc640000005826e65a27e3fd0000441cc00001d18b0000000f18cf3aa9ea7e6320002d5638d3f2f3400000008b8ee52ab77c0000e836fcc6c6d180000001cbc8933696a56b77bd6370000001352d0b6cfc4f59c000441cc00001d18b0000000142a9e934f59c0005866e65a27e380000001071742a55fb60003de71d16e795fa00000001cbc89065d6795ade83deb2000000094929dc6c70b267500441cc00001d18b000000014cadde898ee8000999685c2c70c0000000af43d4abc1d70001b3b45d02df990000000072f22403deb2cad6efe5d670000001bfbd6ba59e066ce80441cc00001d18b0000000153afda828ba20002524a775b3c000000002b50f56b707580006eef5ef96bce00000000397912003d63794addfcfa590000001b7b4374b3e7f6b688441cc00001d18b000000015783af5e87a80002437ab79b5e780000000acc1d6ae43d50001bdbd7bddaf3800000000e5e448001f71b5b2bf763e3b800000033ed1dd2cf037b6af1073000007462c00000005620ebd761ea0000dfdeb5ead79d00000002b70f56b507580006eef05f2d79b0000000072f2240001d759ad57ed4245d00000001933adcecf0316f579800003a31600000002af0762bd0f4c00048ef56f16bcf000000015e87a75783b000036368ba0dbf3200000000e5e4480003af998ac41d7af43d40000001eb3899b1c2a3c9480007462c000000054abf6a0e2e8800094929dd6cf000000000848ba151afdb0001eb38e8d73cafd00000000e5e4480003af99c15e87a75783b00000003e651d3f17525e70007462c000000052eb77e2a3b800026a5a16fb1c3000000022f4b74aabe800000e816fcceced100000001cbc89000075f338042457ea5076fe6320000003427e4e8cdca007462c0000000506a7a5d4d660001619b97689f9000000006b6b2f3fa9e980000b959e0cbc9480000000e5e4480003af99c004547729d5fbbe31b0000000d39b9b1d3f180e8c5800000063c6dceea7a9f980000b658e2cecbce00000003e1cee9fa9c78d800058a6e5d9e7e40006918c000e784680003a79980006966995bbf8b1b8000000d5928c658e1b38e8c5800000046696e9357d00000178b5e7a477aa00000000a455f411ba5b0001bfbd6bd5af3a001047373e000000000000b797734f59a975bd06b6b28000000d792a45d8e0f45ceb600000015983ad5c87aa0003ee71d12df97c99d4000000015983ad5c87aa0000740b7e6767688002a651400000000002c67423e835f592975fd0696938000000c3bd7b859e04fe6300003e143a9e934f59c0006fef5af56bce80000000046e96a9157d080001679f91629b96000288550000000000983a59ec0062c6f4cadde8ed2d0000000dada1ba59e06ded08000d1d2c512afa300002c7372acd3f24000000003c9cfa9fa8c38dc0006d6d0dfadf9afa0007939c104000000012074e3600001e319a7d7eec4c77400000066cc774b3c0dfdeb80054ebf6a0a2e88000179b5e76437ac0000000002a75fb50517440000b859e14cc9440006139811c0000006c9d3cde000001e4aa57ed41c5d10000001933adc6cf06537a8060c49cfea7a6f38c8000dada1bf5bf35f400000000011fa59a355f4400006e6d05f2df9bfa0000d23979ac0000190e9a4a80000003e15a83ad5c87aa0000003d6716eb1c3999288aac1d98087a400005967e4d926e500000000001f0a355f45a1a5900002d5638d3f2f340000883999e0000fa74627c000000000adc5d2acd7ecfd00000005aac71a4f7a943abe8fe6320003d6717fb7e6763318000000000021a3bf4faddc000032675be5af37b3b44000056ce7a0005f0b50000000000220e751df92afdbfb8c8000000cfb478359000009c979f6db1c4000000000000f850ea7a4d3d67000024a4a976b3e7fe80000530a6005bcbb80000000000441cc0cf1db94afdef58d800000000001f738bedaf37b7b420000000000002263bb4cadde0000058a6e5d9e7e400001f0e7c56cb19d08fa0000000000110730065d2c4ad6effbc4800000000004fcdcdb54fc600000000000003e14caddf8a8ee000002d7638b3d2f380000c652cba9ec00000000000449cc4032eb349d6eff00bd66000000000cd9d2fd6fcd65ce800000000000000d6d65a1d5f498f1b000002db6389392f3c000000000000000003e0001871252eb77f474b000000000b7d9e1cd494000000000000000041c5d0a957ed8000005a27e3d826e67d00000000000000000000031636a757ef46476c0000004ccb42e1638600000000000000007c2a55fb7091740000002725e7daa7e2fbce000000000000000000001f08087a75683b0000001b7b437ab5e7326750000000000000000078c66935bd0c7e96400000373682db638921bd600000000000000000018312552bf66223bc000001973a5e2d79edcda00000000000000000001831bd22afa2d4d66000000fb94ec9cdb24fcacf98c00000000000000079c66062e956e1eae2c6e000001eb38bad9f3f25bd5000000000000000000006b6b2d26b7a0d5d660000001ef3acecbce9f9799b5b4400000000000031e36838ba15f8ba9adaca0000003d67172b1c1959298000000000000000000000d7d64a557f41a7a4e00000007d24e4a731251959296c6630000000063c6d19a5b888ef43c77bc636000000032675b8d9e0ca6f50000000000000000000000018b1bd3abf72323b800000000036f6877f7adb9b41b39873674f79d4c796d8b1bebeb2e9eb3e8eb63475b1f319000000000d8da2b9d8e0ef6f5c000000000000000000000000792b5075ebb0f500000000000000000000000000004a494edd63879f3a00000000000000000000000000046696ea55fb7adaca0000000000000000000000003de71659b91609b99f4000000000000000000000000000031e36adc3d5808ba7e71900000000000000000000002564a56a9f8fb5b4200000000000000000000000000000006aeb356a1eac347d0f980000000000000000000121bd5b34fc993dea00000000000000000000000000000000001abacb01174e122e862c6e0000000000000003ee712fbd29f9b9923bd5fa0000000000000000000000000000000000000f18cc56976223bd151dcc58dc00000000001eb3891dea4bc94a664a19b3a000000000000000000000000000000000000000003e1a5a588ed6d68e9635359f5b1361c6fe719007dcb2b4d8da2dbda0dddabc86f5a436abef38000000000000000000000000000000000000000000000000f878c6de1933e9afbce3d30000000000000000000000000000000000000000000000000000000000000000000000000000000000000000000000000000000000000000000000000000000000000000000000000000000000000000000000000000000000000000000000000000000000000000000000000000000000000000000000000000000000000000000000000000000000000000000000000000000000000000000000000001fffc400311000020201030303030206030101000000020301040500203012134011143510315021341522232432330660801641ffda0008010100010502ff00d47ebe9a972a35eeabebde56d7bdadaf775f50f4cea0a27fe824c00d1e4ab868f2d3a2c9592d159796a6667805cd1d0e42c8e832cc8d065105a0b0a67e658d5aa1b9508d32fd866a66667c15db7ab4acb695692efca3aea51a764dccd4cc94f8e9bcf4e9392533513eb1f8e7dd5234fbee779a9b2d44d7c92d9f8c6b81236324c67e06bdc6d7d57b8ab1f89b59115698c3697e0bedaab9298d094147e1088406de409bf87ad6d95891617603f04e70202cda3b25ca2247218fb27a1c496871498d463eb46a2a578d7b746bdba75ed6bcea68569d162ebce8b13a3c6581d1a58be65b0d4752e8d88fc058b21581cf379f18811cab16d2d2f1d5d7a11118e5652aedd37133a6a1a9e489919a57a1de7d9b23596d69b8f894963a538a18d02c171e14c7ac3b1a9669f4dc8e3fb6a8ddef79af78d75b9c4f6708891957c5e844407c7b18e5b74eaec4170c4fa4d1b9df1f298c15059b0561bc35a932c6915d75c788cc170ccb535e8b3e88d4ff00c835ff00d04ea3fe403a0ce542d2aed677098098dac6c8710948154b51657e4deb7df3e1c7d45bb5f68e1b396ad5f4fcd596e8cc993bd376cd7d57cf6936156077dba00fd1ac947c097121aa68b97e3e4ad74c7129a693ab6c2c8efb77934c6de4df6b956c35153cdfae84a087758ac1641e8341f051b5eddbe35a7c57491491718192caa5d1b11b7219784e8cc985cf4b20da655acaad2b73d00f5bd075d9c18db3d63e2ddb1ee1dcb132334ef43b66532be1d6b2caada96d7713b9e81b0b72490cde072b34b61caf0f2563b6af0295febfa65f23da8f12ada3a8e43c2ca775bad165643205bf1b63b6df0a66062c3a5eef04326d55629922f17177bda3f7e46af58f0547f7d1e0e4dfd0adea513986b259f1353d5c08a8fb3a5600a74383a91afe0d4b4782ab3a7605c3a6a1a82e0c35cef237dfadd86efc6bfb6ff06d3bbf637e36bf69566a85906a4d07c4c575ea63d27ea004c3a58500d4440c6d62c1a37b0b23afb6fa9626ad919821dcf4c3d243205ba27d26bb7bc8e7beded55df491df7fd1f5c2c058ae75cf898b83891919d2d64d650c78535f0e4f190f8fb6fc2d8eed3df94afc18a6febcf946f53f7e3d1d9aff0056a81c16aa9d62e23083821909c3d1ec2b8f3547a677615ddbbdbd810d5b0256cdc86769df7e629e9161f719baa27bf636980b06dd32af3c5e91eb5ac8580e3600b5761335dfb52ced3a3f58df954fa1efa0cee54e5c833b7537e295e8bdd31051728ca78d6c251d5b636478f3c9e976ea47dca5bed2bbd5f7e259fcfcb963fe6dd11eb295f693c176874718910153ba36238b361d54376227d71bc1757dab5ba99f6edf2df3ebb9ba82fb96f8aee3fd78e2662695f86f1657e377617e3f832cbdff00695975af8e7f4832ea3dd890e4bcde8c8f1d2c87af0e53e377617e3b82f075d4df8f2eaa7c764ba6b6fc7074d3e3ca7c929bd1a89f58e2a57fa78329f1bbb09f1fc051d4331e93bb125fd1e3c8cfa53de81e8471e53e4b4b6484c4c147152bd29d44c146dca7c6eec27c7f0db1e9b7bb133fd4e3cacff6db863d4f9329f25f4064848941c7154ba55e40c583b329f1bbb09f1fc3928f4b9bb173e96b8f2dfe1bab47ad9e4ca7c97d44e4240e0e38aadb3ac4a68383eb94f8ddd84f8fe1cb47f5f763a7fbde3cbefa7fbbe4ca7c96c129195b20e38abd83ae6878580fa653e377613e3f872ffe7ba87ef78f2fbe97ef39329f25b627d25f50d4be24b8d075ad0590d653e377613e3f872ffe5ba8fef38f2fbe9feef9329f25b951135aed09571ad84a3a9706c8e53e377613e3f872dfe7ba87ef78f2d1fd3dd5e7d2c72653e4b723fd1abb8fe9e312902b1761f8cdd84f8fe1cacff71bb1d1fde71e563fb6dc33e85ffe71e53e4b723fd1f4bb43ab91a9f4dd84f8fe1c94fadcdd8b8f5b5c7908f5a7beb975d7e3ca7c96e47fa3eb768c3b531233c4d4edc27c7f0da2ebb5bb131fcfc7607aebefc69f554e3ca7c96e47fa365ca43620c0965c4d4faecc27c7f0197404cfaceec50fa239183d0cdd893fe6da772bacbdfd4d7bfa9af7f535efea6bdfd4d644c597f72af5584fbfa9af7f535efea6bdfd4d7bfa9ab3542d0354693e26abaf5f6fa613e3f83207d1537d01e8a7c9900e8b9ba933b76f6e4f1f16d731233e06231bd5f4b1582c03d075cf898a83d4c48ce13e3f832ccfd77447ac80f48726583810ceea36e5f1ddd8e7c5e3bdc97dbeae483c2cd63ac7c4c5c1c61a3a68f05b6f76ceea21dcb7cb7d7dca9bf14dfe5dd97c776e7971d40ae340440763162d0b74cab17122c1d73af602c06eb8decd6df895febcb31eb0d0ed377566f61ff7dd3105193c7cd4671d3a6771c948215b8860c6e52944f129a693ab682c86dca3ba9bbe92fb5579b2aae96efc6bfb88dcd503977699d3770d7ae765d56a8544f04c7ac5da1dae303259d4b83623eae6c25445265bab2bbd639eeabbd5b7d57fb77c4fac6eb5542da6c20eb3b7ad64d650a23493c7771fc7132334ef43feb94b1d47bf149f06e27b3677e32cf506fc8511ba930259ed88929c663e2a2f9723500438e95febd5a7c574ccc94ee889224ae129f03248ee237acc966870bd5bf2b8ef721b7138ded473653e354de9d7df8d8e63637e311d6df07efab48ec3f7d2b5eddb1fac6fcbe3b66231bd5e0653e374b6c86a26263c088929ac98423c2c857ef27831d73d3872b8ef6e7ac563bdc978194f8dfa2d921225051cf8cafd47e25fadd877050bbdc8de62261fc10bde88880f8194f8ee92d7496ba4b41d61233d51caa5139ab5c297e23d30f5184acf7fdb54af777cf6a41c166a9d63e4c756ed2fc6c8d5ee870d2c87579e602c0b74cab17163eaf78fc8c854ed170d4c84ab424263e6ddbe103c35ab9586800ac3c821831b7566b3386bda6572af717623ca6b81236b206ee25ac9a75ab8d75794d50b9762b957670fdb55f2641a5b96e1f1a66062c64c474c61b4b84464ca9d48ac1e63d20f5beb9d767109901272851a55853bc33315c3b2803a6d86be788464ca9d38ae3e73920f5d9ac758f8feda5641ebd2f2aa2d03d4de523108664ab869b9469688c8e78c009855298d61fc03162d0b748ebcf305a7af43947c6872f1a8ca2275191adaf7f5b5efab6bf8855d4e4ebc68b2c1a2cb367477ac1ea664a79528379d6aa1587f0531eb16f1be9f87ab44ec694a0487e16cd15d8d3abb105f8211232ab8d81fc4980b06c63263531233e7d7c7b5da4d75d71fc5baba9f0fc6317a98989f2d149cfd228291f906d753e1d8a28d1a8d53e344494a71ae66934509fca48c14371a83d3316e1d1a98bf06064a578fb0cd2b14b8d2d4b547e63efa3a75d9a3c4ae7458a6c68a8591d4a1c3af498dbe9a8530b434ac968716f9d06263418fac1a10108ffa17404ebb2ad7655aed86bd23ff00537fffc400311100020102050205030500030101000000010203000411123031400521132022324142506114233351521060718043ffda0008010301013f01ff00ea41139d857e9e5ff35fa69bfcd7e966ff0035fa797fcd18641f4d1046ff00f415466f68a5b199bf14bd3bfd352d8c2284110d96b00340c519dc5359c27e29ba727d269ac251b77a78644f70fbca46efed151f4f63ef34967127c50006dc27b789f715274eff0006a4b7923f70fba456b249b547631afbbbd000761c892d2293e2a5b1917dbdeb6fb7c36b24bb6d515a471fe4f3658125f70a9ac5d3baf7fb6471b48705a86c953bbf73f619ad925df7a9ad9e2df6fb4dbd933f76ec29115060bf649ec41f5474410703f65552c70156f6613d4fbfd9e7b749877dea585a23837d8e289a56c16a0b758476df58b05de9af215f9a6ea23e95a3d424f8146f263f35fa99bfd578d2ff00aaf1a4ff0055fa897fd50bb987d542fe514bd47fd2d2df4477ed4b223fb4eb3a2b8c1aae2d5a138fc7d86181a66c054512c4b82ea3305189a92fe35f6f7a7bd95bf14589df592ea54d8d47d407d62a39924f69d4201181abab431fa976e7c1034cd80a8e358d72ae9c92a46316352f5027b474cece7163c3daa2be913dddea2b98e5db52eed7c3f52edcd862695b28a8a358d72ae93305189a9aff00e23a662c713c886f5d3b3771514c928c57488c6aeadbc239976e5a2176ca2a08444b80d29ee922edf352ccf29c5b96ac54e22adef837a64d2650c3035710185bf1cab4b7f09713be95e5c3c7e95e7dbddb45d8ed48eae315d196312ae535246636ca791636f8fee369c91ac8b95aa7b7684fe39f0ced09c45452acab8ae8dddbf8ab88dc71e084caf96800a301a8ca1c606ae6d4c4711b73e295a26ccb50ccb2ae2346fa0ca7c41c6b587c24fceb1008c0d5d5a18fd4bb73e195a26cc2a391645ccba0ea1d729a96331b953c4b1873be63b0e0dd59e5f5a73ede730b7e2810c311a17d0e65ce3e38606270150c62240bc2bab3c7d71f3ecae329c8db68dc45e149870ac22ccf9cfc6849208d7335238718ae9dd5a67f526f4461ceb39fc44c0ee342fa2cf1e61f1c2b78fc38c2e85ecd9db28d854170d09edb54722c8b9974ee6d44bdc6f4ca54e079b0c8627cc295830c479f7a9a3f0e42bc0b38f3cbff009a17537851e3f3ff00314cd1362b50ccb2ae234ee2d9661f9a7464395b9b6137ff0099d0ea11f60fc0b08f2c79bfbd0bc97c4930febc91c8d1b665a82e1661f9d39e0598606a589a26c1b988e51830a460ea1879e54f110aeb8189c29172a85f3dc49e1c64f9958a1c455b5d0946077d3962595706a9a0685b03cce9f2e20a685da6494eb59266987e343a8498b04f38241c455add893d2dbe9ba2bae56ab8b6684fe397049e1c81b43a8a760dadd393b16f39ed523e772da36b799bd0fa6ca18606ae6d4c5dc6dcbb57cf103e7b94cd111ad68b9611e7bb7c909d3b5bcc3d1269918f635756993d49b72ba73ee9a0eb9588d5519461e7ea2db2ea5adde4f4bed40e3a7756787ae3e4da36598685e2e598ea40334aa342f5b198eadb5d18bb1da95830c469dd59e3eb8f900e071a07118f9fa88f583a9643198684ad9a4275adee5a13f8a475719974eead049ea5de8820e078f6cd9a25f3f511e953a9d3c7ee1f3b1c063c0827684e22a295655c574ee6d44a311bd3295381e3589c61f3df8fdad4e9dee6f3ce7089b8314ad1362b50ceb32e234ee2dd661f9a92368db2b717a71fdb3e7bdfe13a9d3beaf3dcff000b7092468db32d5bdc2cc3f3a7342b2ae06a589a26c1b89d3b66f3ddff000b6a74efabcf75fc2dc3562a71156d7425ec77d392259172b54f03427bf0fa76cde7bbfe16d4e9df579ee7f85b880e1dc55addf89e97df4dd15c656ab8b6684fe385d3bdade7bcfe13a9d3bdcde798631b71ad6f31f449a65430c0d5cda98bd4bb707a78fdb3e7bdfe13a9d3cfeef9c8c461c7b5bcc3d1269ef5756993d49b702c4610f9fa81fdad4b2384c34265cb230e3dadd98fd2db50208c469dd59fd71ebdbae589479fa89eca35216cb229d0be5c26e45b5d188e076a560c311a775679bd69beaa8cc40a1dbcfd41bf700d546cca0f9fa8a760dc9b7b8684fe2a391645ccba7736824f52ef4410703a766b9a61a176d9a63ab66d9a11e7ba4cf111ca867689b11514ab2ae2ba7716c2618fcd3a143836974e4ddfce4e031a6398e3abd39f75d09932395e5452b46d996a09d66188d39edd661df7a92368db2b68dba64880f3ddbe584eb5a3e498687508fb87e5a3b21ccb56f72b30fce9cd0acab8354d0b44d81f3db47e24a0687517d935876a8df3a06f3cf1f89195e62b15388ab6ba12fa5b7d392359172b54f6ed09fc79ac22c173ff007a174f9e5275fa7c98a14feb42fa2c92661f3ccdaad6ef3fa5f7d3640e306ab9b6311c7e3c91a191c28a550a301e79e4f0e32dc0b593c3941d0b88bc58f2d6dcdb5bcfa24d3201181ab9b431fa976ff9b08701e21d0ea126c9c1b597c48c1d0be8329f1073ad6f32fa1f6d4bab3cbeb4daa088caf9680c0603ce4e031352bf88e5b83632e49329f9d0740eb94d4b1989f29e75b5d98fd2db50208c469a44884951be85fcb95320f9e1dbcbe2c79b42ea0f157b6fcfb6b9311c0ed4ac1c62bc1270189a9a5f15cb70ece6f0df03b1d1bdb6c7f7179f05c3427f151c8b22e65e05fcd80f0c716ce7f11303b8d1bbb5c9eb5db9f0ccd13622a199655c46b49208d731a772ed98f16194c4f98523075cc346ead3c3f526dcf8e468db32d4170b30edbeadecfe23651b0e3d95c64391b6d2bab3c3d51f3d1ca1c56adae44c30f9d3bcb8f0d728dcf26cee738c8dbe95cd987f526f4ca54e079d6b68c4e76eda53cc225c4d3b17398f2412a71156d70265fce94d024a3bd4d6cf16fb72e38da4382d4166b1f76ee749dc22e66a9e632b627971c8d1b665a866595711a73582b774ed4f1b467061c7009ec2a1b027bc9488a8305d2660a31357370666fc736295a26ccb50ccb2ae234d9430c0d4bd3c1ef1d490bc7ee1c354663828a8ba7b1eef51c291fb4699214626ae6e4ca701b73e295a26ccb504eb30c46ac96713fe29fa7b8f6f7a789d3dc355559b6149632b6fdaa3b08d7ddde9555460a3519820c5aae6e4cc701b7d851d90e2b56f74b2f63bebb5bc4db8a6b088ed47a71f86a3d3e5afd14dfd57e927ff0035fa49bfcd7e8e7fea8584d43a737c9a5e9e9f2696d215f8a000db5a5956218b54f70d31eff63daadef7e993ecf7176b1761bd492348716fb34174f176f8a8a649462bf63660a31353df13e98fed2ac54e22a1bf07b494082311f609af123ec3b9a966794fabed914cf17b4d457c8dd9fb5038f325ba8e3ffda9aee493b6c3ee11ccf1fb4d45d401f78a4915fba9e3920773525f46bedef52ddc927dd0123b8a8efa55dfbd25fc67ddda96447f69e09206f4f7b12fce35275073ed1853c8efee3f7a5ba957634bd45fea14bd423f9142f213f34268cecd588f319106e68dd423eaa6bf886d4dd44fd2b4d79337cd162dbffd0f3b7f75e23ff75e2bff00759dbfbac7ff00a9bfffc40026110002010400060300030000000000000001021100033040121320314150213251106080ffda0008010201013f01ff005248ae215c62b8d6b88548fe85346e0ae6d731ab88e1935c6d5cd35cc14083ee49028dcfca2e4e9862285dfda0c0fb42e051b876439142e03ec0b8145c9dd0c450b80f7f584c535c27b7a156229581f52cf1da899f48b73f7d3b3cf6f4eac450607d19314cd39f81ab955cb15c0b5c22b845708ae115c0b5cb15caae59a82330314af3e859a2899ca2d9a16c67280d1b5f94411951e77d9a2899c601342dfed446a1b60d1523223cee93144ce35b7fbb2d6c1a208c68d3b64c5334e254268281b8d6ff0031ab4ed3b4e245077d926888c20c5033b171bc6306295a77d966888c28d1aec6065ed4af3be44d11186db78d676939d1e77c89a223003140c8d4b8d03451fc1df659c36da0c6a3193a48fe0efdc5f3854c8d2b87e23001344463478efbeeb0705b307498c9c16d604d32cd1118d5e378891854c8d0730302093fc91345631ab45033bb7079c16cf8d0b87e702081d044d32c63568a0677089a3f1d60c1d03f3d6a24f577a648c60c52b4ee5c1e70219199cfc60b63ce0748c60c52b4edb09182d1f19ae9c0040c2e9e464579db7107ad4c1ccfdfad049c6e9e464479efb57479c0352d0c8e93db223f83b2e3e3027d72376c16feb95927223f83e82d76c973eb8076cccb344463478efb0ddfaed64b9db5d966888c6af1af73edd76fbe4bbd6bdf4489a658c6ad140ceaddefd76fed92ef5af7d222699631ab45033a977ad3ed92ef5a7db5192318314ad3a777ad3ed92ef5af7d5748ed8c18a569d2bbd69f6c977ad7beb3a791915e746e77ebb7f6c973b6f3a791911e7e0e85cfb75dbef91feb817b6bba4f6c88fe0e76efd76b2376c16fb6c324e447f0756df6ca7aed1d9659a2231a3c6473f1813eb95fedd6860ed32cd1118d5a2819c574f8d5ba3003236889a658c6ad140ce16327ad07ce6712305b3e36c89a658c61a2834f5b18182d0f39c883d6a60eeb246306295a7aae1f98c082067b83e6705b32375d23e46306295a7a098181449d0712302983bce9e464479fe6e1f182d8f3a2e20e0b6de379d3c8c88fe0d318184081a37048c00c5032379d272124e0b63e674d841c08d1bec93444692881a6eb230a378df659a22342daf9d57583851e7e0ef959a22330134046a91228fc61479efbe44d32c65458d7759f9c48fe0ef9134cb18d167e765d63e712bc77df77f189449a02369963106229581db26299e710134ab1b644d32c635b9fb4083b0d73f2899c6ab1ba44d111905cfda0c0e9cc51b9f94589c88b1be44d32c650e450b82810731b828dc3539009a558f4244d32467e222b986b9b5cc15cc5ae35ae35ae35ae60ae6d734d719ce04d2ac7a46b7f9e9d526808f4cc80d1047a45b7fbea9adfe7a154268281eb0a8346d9f1ba109a0807b02a0d1b7f94446c0b668201ed4db146d9a8234821a16c79a000f74505728572cd703541eb835c0d5cb35caae05fe891502a0547fa9fffc4003c1000010104060607080202030100000000010200031130122021314151223240617181041323335072911034425262a1b1c192a214608082f1e1ffda0008010100063f02ff009496bc4fab77c8f56ef92ddea5bbe4fab58f51ead6107fd074d413c5ac255c03683af52dac13c035af55ead6991a2f1439b7791e2da6ed2783690525b41e24f8cc56b096ecd255bcb6bd11f4b4498ec5a2f0f02ddabbe696d1588e47c5205515641a08d00d1262768d6a4322d05e81fb344787c098ab20d08d04e436dd0572683cd057dbc3292d506a2ef413f7f01b0c53f296b0c15f29f09a2ef497f60d496a89f03886a0fed1f33452623c16928c006a0eb4519e7e0f65a9c52d490788cbc0e92cb5b62704ce82524f06d4a3c5b4de81c035aa516eee3cdbb94fa37748f46ee91fc5bb947a3774d6521cdb41efa86b20ae05b4d04729d490605a06c5e5e034957e01a92ccc825249dcdda1080d68a677b41200e13ad7601cc58dd92e3b94da68226441816a0f2c5fe76fa46fc035359b65c1da62d17ca8ee0d0424246ed8e05a28d03b9b49314e625c43756f35ff003b6d357219b15ae55148896a4fcffd43412203688a3415f6682d3ce5443505f783efb595a8c006a46ec04a8eaa336820739715a8246f2dded2f288b68ba596b3a3ff0066f771fc9b4ba39e4a6d2a68e21b41f24ee8c9a2a110d4dcda3e5941493021bea178daa8a7513f7954d6a8c3e1680950a5d62b24b411074375ed15a8a8ef91d9bd501960d0e90eff00ec96a4e961424524e8aff2d456206485a582d371da3a841b4eb4ba68302d92b1123b43a58245ed08d047ca26d276a29398608e95fcc352498838d782afc0b5158ffec982b5157ece558e0c546d2660524c086a26c799562eba3e92f1564c54b249389d82cd246296a6ecf11957a0bffc6a2ae47393d4a8da9bb66b355374e883021a83cb17f9a87a3f4757994363eb1d9e2336a68bf11957a0ae4726285c80b4de183c18ec9d5a7597f8d843b7c6dc159fb3fc77274ceb1cb650f11cc66c1ebb361af0f885c58a5420448ea8eaaff3b1926e0ca59e5b12930a4a0344b1528c49bf66a2a3d92efdd23ae40d217ef92158dc7620e85ebbf8480845e58a562044b8a6f91d93b277e0ddb3e03725ada6ae6ddd9fe45b454b4f368ba7895ee363517a8293be4f52b3a6eeee1229275152281b97b129786123ac56b2ff000d6d8ac0b505897117b40d408426928e0182fa4e92be5c0340080ad45e24286f62f3a2da3e49087a30bf83050b8d7283c98a5578af164af3bf6039aac12003aa2d3eda2be4726a2ae47397bda07d810811516cde1bd528be7220f711f348a06f77672901fa782a429d1c6d1b004608122275976d4a0b110d6da9c0cbb5a05baf58ed1776e133fca762c3af5e860f0424142ae2c506f15d2bc8cf24e0ca59c4d74a70bcd62950882d116a339609118168a6fc465314855a1420596e95f09ac879f2aa2d19097c31b0c84e69b272beab2429e9f8ac15e044416a6eed47e25d341816c962f1310f87c4206bb957d0242918e1216ef3b6721df3af064a32124bc7234714e52c292604351558f3f32e97caa06bbbdd192b181b4577677c272f7595d3bad965eb91c532e22f6eaded8bcf394fb87eeb8f3192879ca4255989a5599aef1e7298f526e8cc0e9f1b705497dc3f75c798c95eeb642375931e1fa6427eab663ee2d0373444b0edf1b305487dc3f75c798c92336232aeb4e4a98adf2109c9331f71f66e68897d5bcb51f868831159f70fdd71e6329e0df5de2774c48cd55c0cccd7dc6a444ba26d77964c1493106abee1fbae3cc651de2bf14cc7637d777e6135f71a910d64bcd26f0d4d0622a3ee1fbae3cc6524fd35d3ce63ae75ddf19afb8d5886df2e926ec466d490788cbdafb87eeb8f3194ef8577731d73aeef8cd7dc6b44325e0b50a1e92e9a0b4458ac47b1f70fdd71e6329df3aeef8cc75cebbbe335f71ae806d1443758eed47e2585a0c08685cbc433ee1fbae3cc653be15ddcc7677d7767ea135f71aeefca3d85eb9166299749260433d42ec790f5ae3cc65247d35d3ce60392ab8394d7dc6bbbf28f697ae45b8a664537561e6328ee15c9c93317ba43b57d331f71aeefca2a758eec5fe5a0440cba49f4aa3cc653c3f55778add31e27e99007ca6131f71aeefca2ad24d8f3f2c52a10225c537d41e6324ab20d1aea566a9aa4e46baddf3ad416f90950c096f7877eadef0efd5bde1dfab7bc3bf56f7877eacf568505249bc57403d211aa316f7877eadef0efd5bde1dfab7bc3bf56f7877ead1b95829a82c40cb88bfda3cc64abeab24237db355bedae839d95a923bd4ddbda04408d847497c2cf807b20abf02d45639e72f7b40b0f3192877cebc33609c84d43ce5210bcc563d21c8d31ac33d83ad7a3b21fdaa5058682ad18197bda89f98c95ab0c2ba375b395bad90a7470b4573d21c8d03ac329d6d8ed3ac582522005c2a942c4416cd06e32e92398cda92798caba958dc242de729d06523235d2bf5af02220b534774abb74ca09bbe2393076ec4122b94a84416a68b5dfe25d341816b2c5622b0742e4df210313699e1e7cd2281d64572ed62292d40da93aa73941d3b169fb30768e6739302dd63ad4c4652c290604340d8bcaa29e1c18a8de6ba11bedd814311689017862d115cbb5f2393174f05a2404204545a17aceb1985eb91c532e20c086a0f2c79f9f6f529b937c853e3c06c2a181b448ea557a6e9193c4ea9628588285e2b400892d4d7deabed395d213a30d61303b7c74b039b15e38344de6b802f2c97630d8698bd1202d37860b4c8eb5d0ed53fdab0e90f8699d5194f7dc3f6d0374c485aa346e91d69b91f9d8ca30c245ba8abda2241e92e479c7eea0e92f859f027f7b03ee1fbf66e688d8602f2c947aec7486b224f50f0d9f0993d73a1d92bfafb3ae7a3b21fdb617dc3f7eddcd11b075cab9376cb486a2a4f54f0e960739052a1106f0d463d85f1fd304a4400b86c2fb836a96d52daa5a20168ce084de5821370d94a0f262855e24f56f35f3cf6fa0b1635b6a70337ac56babedb3f5a81a49bf7ca0edf1b7056de52b1105a22d4672fac50d04fdf69eb50340dfba5507b6a33c9a924c46dc5d3b828e27095445d8960848801b494a84416fa0dc65689b310d6182be53b5d25aa0d451a28fcca0840892d445f89daca162c2d455760739563517da433c5a285476789300d45ce91cda92d51328252224b5b6acde76da0bff00c6a2ae47397492a20ee683e4c7786d0583bb638ad400ded0749a4732da6a8ee961291125a92ad787edb7d058682aec0cdd6a63ea6ed1250da0b066c54a038b584acee6d0010d15a893be604a0449689b5671f01a0b110d11a48ce7e8bd536904a9b49d7a16b42c726d7fb377bf66ef43779f66f88f26d174a3c5b45090dde11c2c689319d45039b596ab13e0702d4dc7f1f07a474519b514080f068eaaf3682c73f03a29112d4dfda7e5f09a2a110d49c5bf4b40881f008ab413bda081cfc334d3cda2ef4c7dda076c8c28a732d1d65667c434d11ded174a8ee2d05a4a76780112d15e80ded1a349599f1482844368c5077368416da6829e3b0c1209e0dab447d4dda28a9a08404f8d5aec72b1b416a1f76d15a4b7771e0d6ba5fa35a2b58ed479377479b5b453cdb4de9e41b5297168252070ff0043d51e8ddda7d1bbb4fa36a27d1aeff94dffc4002c100100010105070403010101000000000001110021303141512040617181a1b15091c1f010d1f1e16080ffda0008010100013f21ff00d468c485602f99a4b1fc9821e962aba6bb1a3ff024c8dc5158d2d5928e3561140c47d149479bb62985767675f1206bb80a2b1c9e24958d86936facc211c5ab1dde41566f2562a5496abb9650398526127d30ab1ba60faa4f7516d4843c3b5f7a9e24cd778800eb5a8eeaff002a02411ccf4f9bf7355323e871df644e19ab46a1cf8d9a8449193d2e0e8776a665d4cd58e3e80847b5144c6b789e93271eb50adcdafa18a8484cca85e0198e741c89827a2ba1e396a524cccde8eb4193130ac603331f433f8c6466d4f5c18195f4a03a09ad02d5c53bc815e4ac2be7c55837565517ead7f394e32865639295e05d0fe1a3011fd31aee6f7c34d0ab0f1e3ab97a0cc495cd69bccd0c8bce17c84d41ba0316adc5d47f150a2e822f504849fc441065fa8ce948e3397bde19705a250230383bff00122faf4ee42ed772bbc79151333d3ae13806e61002393533e0ded52af50cbb150909825081a0e0fde3beb55f914904ae0685d1a5b6014567d066d1a39641bbe352dd3f174ab0db4c8dd21242609433101edd77b8092b695598b348ba67a87f158b1e6b16ef8a6c8aac2b6d129de2e0aff57fcd6bfdbcab2a7a9f15843a8f8ab19e7341f66e510df26a4a5cfcc7eeb0b97a0a912a6b61fdade560969a7edace2d6ea44d3e1f9a00020300ba9b307eeb536bd4fdd5c5b629b8888c6667d8d617dce95caad6274b8058f572e6a68d3c9b968ed3135299bf8378e680191a5d898477ab036370cb255c529f79db8f373bd125382451c143a5e4a0c0b701b1db8e507071293f28e572692f138d0c926eca9b5d8756911912b7885f049564d2c7572da9b460e21fbb5685594b5dc21ee56d5b3a6942a79998ae3b6883939aa747e017397aadea6eab04b53aacafdef8cbad0251a3192e5b1b4e11e31b98f86f4068d1878163e2b6de8f915055099ea5c3f90b2561fa2d34774b4ed4e1b8051918686c2614f2fc48594b3cba73dd5bbe19634a9a41fb3a6de0d155240108dc5b0e870dcce5c04ad6014b63437261f4e5ce9702a539bbb2622238dad0c926de5e1b264b81464612832ffbbb94c9b8008a7b14d9724dd864b46b488c3b6fd8fd03ad143c059ef45f7d1f1563480da7d540a2798ae5a398dccd4c0eab8d9a669c1d2e2d3b2fae5b8e04d71811c971625a5c2910b274698c24f66ecc6079d244426c3e04419942c3d2f735a3260c00c3697b5e42681918cac4e5ad22a12136f0a85635cd4a8c848ebb79dbe2d1a3ea16136d0030969479d8f76e1675b8e875e16b023f115b918d21ed8e06176d14306a2043f84ded802a6d61bfc8e1746c42d0fab69148909b76952ffa2e22418ff83711bdf54ee106bf21b8812cc72cb61dca3b5426d376c6b164d474a01b138af20c60403275db8a4da3ab12e30e662b17561db53f8dca84025a37c38084b498819db91cc5d1da36f8a1ab77be1a39ddca6c830e7581f178843b10ac4aa29d76986c4bba900306e20859ef2e2d6b99e97d101b6cee21c5aba06db935811a752734ceee7e095f7b1d2f23279a36f59592e2c3b04f35c4097042fa73642b6d0062d85007945c20909234b69310785dbb6c125588cb2f85dcfe6f88f9dbe9d3bb730a969ee6de98b275b2fa4392874db80a596fd2ef3858967cab0ba0488304a04432327fbba13c8786e1cb2338fe3e76c504c4a10729bc422e052358b3b78e703f7daf032671c2c286492eb0c2b952267cee7b4786e148f6663d2e38b2578e17ab89a669faf6bced1e0a5589e3412123778f4c29973a1124b4dbed1e1b82055c04533b8a8db938c3dcff002f39fc1dee384c5e768f07e35d662a704976a0ae4b9d4c992d136bb4786e28e755f7b76e3d407efbde45f430edf0ac28208bced1e0fccc8c332a725ddb35b1f8280be09367b4786e289e69bb7326a1e2f1f5c76e0bf69bded1e0d898953bc59977606920659db63b4786e28835df2db8b8a0ed78b07d61b666f7f68f06cc8c86b45662ee5ecac5c2837cc3f2ed1e1b8a05af16da8e63e1bcc5f4cb74aed1e0da49884ab15a59d4eb762613999358013a3f8ed1e1b8a3b1f86df7ef1782c5f586da8bdfda3c1b64b8848f2a451734cffcdda41cd549107d5e25768f0dc50ecf8b6c4f31f0de728236f85de6bded1e0dbfaad292486b980065caec22300950e807b8dc51368be5b7370c5daf25d33e1dbe26268643ade768f06dfd569f9c30630cf952430dd62435dcc34dc110dd236f8c0fc5e74f1ef71c74179da3c1b7f55a6c08899a65fee9cb82c46ef1c79df91cf31edb7cb40bce322b8e361f2f9bced1e0dbfaad366c18583f2a42d8a1bbee61ad6178805b06691162b3b7f66a0bc4921a90738db8d5981da6f8b080ed77bdef4700212c6c36cfc5013976bbdef7a77235218277bb1c8f9d22a1212ed1c5f637109cc775ef00c4edcd0d8a5d76a07015ad3a53972211cb719361ed5cf8fe22fc0c1c4a5bca64bb13259aea30425d22c3e56fe3e76d8c62a0a02b022f6dcb8bfbefb630c947ce4e79ed60aa59e5d79ee0e76c6c357ea8000101f95720c9ccac503c96eed15991a5cd0b9a0d714721b70bc94fa5f5812db3e9713ad6ff00ab6f1752cf3ebcafa45357338142dcf0196c841a524b7f996ee6f59998524edb998eda166d1d46e2d19859f9f8be06582434ebe71b6b938fb28402323b4e4c08473a818af6b5e9785ec8dba2a8b69db38162469f48def763708ef528b0f476a7866f35c4e8587bd7f0396187997169993d32db81dd84a779ab4575268ccc86b45df1cf5adc83008e2349225fa3caedd2e092acdc78eae5b18049f7698b95976f405f62b0bf8d09edd70dc9a78500248da3b655f1cc5ad43233324d6e137b600ac28b5fc3caf22c0b12f8bb3eeb409470c763f3806cce7b8b227daddc6393c4dc5a579a5c4408fe06904b6132da32e44019d46312b7874be624e80f1bb146461286ca605a29380ead3979495db30e5202b2c4dbcf71b2bcfe99dc2bb0b25663d89a37009642d0c9fba4461b1d9c0c6b5cbaf3bfed1e14b9ff001a1048c976a408895c4c8e96e4402248d373ebe170d13ca3a71a40248e0dc4fcd476122c3da99ee0ed1e1f8661b74d1a491dc4c94a4050271095abb9d86e71c4ccb9925a189970b8c486a6ad85a19bf5f851b4360e6fd50010101b8768f0fcd82b7315236cdc268b238ddd6c8734e0e9730566e27d5b7029cf099d16d7758f951b73c065b88520961e4afe457f22bf914b9f222b052704bec619f6a29a06375cff00f168d17b0f0dc0a846133a223c1c3eb8efece4af72a2168eaded8ed8fb377c90560c97228c96250596c299f3dfcf2e286ade4f868e0dde7b8b38b79cd5360cd751d36566a181b609bf008ab12d1fbba05678b48a8d9383798200846a2b6bfc6ba934cf1706a2dade26f70747cd49cddebb04102b756eb3bdcd93b14dedbd82e8542a1332a281d3e0fdd4439f1bbbd3062ad4a0f138529536b74f0150054961d19c37d541c9cd5323b3a02ecb0966aa3627af43cb1eef6dcf8b625539d1015307d190bb4816002acf00b5f037f7520c9cca8452f0706f055230ea5438f016bbd59096b895ed0e36dec593aa8ab2784352611ae2d71fc4a6f1dae182acc58ed1c0f414815ca954eb868e77f920d164aefa44566328efc145e739ba1727babf9cd25ab93ac3ba541f7005778db6b13255284b55beb6db5c85416d98b9fa183008e234922933fd69118487d19a25eeb95083877f46213cae7ceac9fd323e86616d80542419590e74004041e90806f9353a90d58f4a7ae0c44f40892e2e27915671b9ac5f4c8d92e4312a69f87929102264ef9082a7148fbd61ea11c25d0d49c3f25a9ab389bb985264150d07bef6a8d1d53ea916ad924d5aa3d93daadb45c186918e44dc66c5d04d5bc9d651568bba1615d1083d650109271ac33bad1dc969dfaecacdbcc1ac3275d38e0e66c89c06bb753ac10fd958df9d2a1e238455ae1ab9a8027411ff000483894e31e9fc3d7f0f41e01d140600e9ff00a9bfffda000c030100020003000000100000000000000000000000000000000000000000000000000000000000000000000000000000000000000000000000000000000000000000000000000000000000000000000000000000000000000000000000000000000000000000000000000000000000000000000000000000000000000000000000000000000000000000000000000000000000000000000000000000000000000000000000000019530f0000000000000000000000000000000000000000000000007ce7adb6df287c0000000000000000000000000000000000000000004dadb6db6db6db6f700000000000000000000000000000000000000064b6db6db6db6db6db6f8a000000000000000000000000000000000030db6db6db6db6db6db6db7f9000000000000000000000000000000000edb6db6db6db6db6db6db6db38000000000000000000000000000001b6db6db6db6db6db6db6db6db6c3c000000000000000000000000000cb6db6db6db6db6db6db6db6db6db6100000000000000000000000000c36db6db6db17f97ab0949b6db6db6db00000000000000000000000002b6db6db6eb7c000000002ac5b6db6db66000000000000000000000017b6db6db61f0000000000000082db6db6da4000000000000000000001e36db6db1180000000000000001286db6db62800000000000000000017b6db6dbc80000000000004800000c3b6db6dcc0000000000000000011b6db6dbe40000020900000000000005cdb6db62000000000000000001b6db6db69000002000000000092000012b6db6dd8000000000000000216db6db6dd4000200000000000048000026db6db6000000000000000236db6db6db7500000000000000000000001cb6db6d50000000000000036db6db6db6df4200000000000000000000068db6db2000000000000028db6db6db6db6f000000000000000012000015b6db7880000000000008db6db49b6db6db5400008200200000040000276db6dc0000000000008db6db6d16db6db6fb00480000090000080000041b6db1c000000000011b6db7a05db6db6dbe0480000000400000000003b6db6d000000000000b6db6d00246db6db6da0000000000000040000004db6dc2000000000166db6e400051b6db6dbb0000000010000080000011b6db6400000000036db6db0000116db6db6fd00000000000002000002b6db6d80000000006db6d8a0000031b6db6db1800000008000040000002db6dd0000000000db6db600000021edb6db6e700000000000000000005b6db5c00000000436db6000000001236db6dbe800000200001000000236db6c80000000336db6d80000000010db6db6dca00004000000000007adb6dc0000000026db6db00000000011b6db6db61000080000000000019b6db0000000006db6d8a000000000010db6db6ddc001000000000000136db64000000009b6db0000000000001bb6db6db7480200000000000026db6c800000002b6db740000000000001cdb6db6dae04000000000000edb6df0000000076db6e00000000000000836db6db72080000000000019b6dbc000000002db6d80000000000000042db6db6de3000000000000036db6c00000000db6dba0000000000000011b6db6db7280000000000076db6c80000000136db6480000000000000007db6db6dca000000000008db6d80000000056db6db00000000000000003d6db6db6e800000000009b6dbe000000006db6db80000000000000000075b6db6db2400000001836db6400000001536db78000492490000092493e6db6db6f60000000236db6e00000000076db6c8000100000000000000a1b6db6dbbc00000036db6ee000000000cdb6dfc000200000000000000186db6db6e4000004cdb6de00000000015b6db60000000000000002000019b6db6db7800004db6dbe0000000002a6db6d900010000000000400001e6db6db6ff0000019b6db780000000000cdb6dba00000800000024000000bdb6db6db5400236db6e00000000000db6db7880000000000200000000236db6db6c90236db6c80000000000216db6dc0000048000040000000000736db6dbc456db6cc0000000000000db6dbd800001200000000000000202db6db6d96db6da0000000000000736db6e90000040040000000000041fb6db6db6db6ddc000000000000026db6db600000900000000000000807edb6db6db6db00000000000000091b6db6e80000200000000000000248bb6db6db6dbc0000000000000001b6db6dec000000000000000000249200db6db6db700000000000000000edb6db7fc0000000000000000000001cb6db6db74000000000000000011b6db6db4c00000000000000000000226db6db6980000000000000000074db6db6de0000000000000000000076db6db6e00000000000000000001536db6db0e00000000000000000936db6db7080000000000000000000066db6db6dd9c00000000000007c36db6db7180000000000000000000000e36db6db6d194000000003435b6db6db6e8000000000000000000000000adb6db6db6fa01a9c05ad6db6db6db7500000000000000000000000001776db6db6db6db6db6db6db6db6db66800000000000000000000000000021b6db6db6db6db6db6db6db6db1880000000000000000000000000000372db6db6db6db6db6db6db6dbe800000000000000000000000000000000a86db6db6db6db6db6db6df00000000000000000000000000000000000073b6db6db6db6db6db75180000000000000000000000000000000000000683b6db6db6db6d9b0800000000000000000000000000000000000000000173b05b6c296860000000000000000000000000000000000000000000000000ab2c0000000000000000000000000000000000000000000000000000000000000000000000000000000000000000000000000000000000000000000000000000000000000000000000000000000000000000000000000000000000000000000000000000000000000000000000000000000000000000000000000000000000000000000000000000000000000000000000000000000000000000000000000001fffc4002c110001020306060300030100000000000001001121314130405171d1e120618191b1c150a1f01060f180ffda0008010301013f10ff00a8c0264a649e8502d5d9738b984475765302ec5490dfd048b10e4a700663a3a1e8053104e67465293b212038c8066a529e81607c89444d19c7453d8fa7953047cc956215166328958d0f38ec803035ca5bbf2878409f44ebb2c08c663e52260c312a3b13ebb20ac30bc460b0e221b28ac0fbec8824c67f1f1006c47f454748e61d2fa09a26355405f7ba2082c7e2d9bb94dde8374037c007706c43f451f707c43f43e2587de14cb987c19008629f209c344740623e14106e4a6f8982835f87a21414df32343f06c4b6556aa36c29cc01cd638cbf320e61ccb6a8d90160de81124cbba26abb95cf77280645dd7f8c53e63d3445d02a7e39868ea581eb6c762709a08e3d7e06906a704ccb7b4772c39a820bbb050f059cb546dcdcf3b50488855a4738a2a0cf31a204e23e7b5a1d01c1444c7f1daff401538202042ce004a0437333ec9e009e7730493850081ce7dd43098e067bd99008628a4de9dafa17d53820a06f644c5608e5c7d4fa1aa722e6f0dfec3ba703d2b640063247a87eb95ec102e4aabea9c6c84d58354e83a505ec38ec5304038d3ae0a762403705366a91bc80f0082c71fd72d6ca0933d7444925cdf8e08fe3968804ce0d896ff8a359a2f0e5a809678d99001c28e62523fab7fa55a8c53f2dac41925cf9221aec2612ae48600c05a1e8dc1533075c33bfbe0dd771630b182b033cf7ba80e9bc19a274e96c7407051031fc76bf85f546286c90f1605924aa095d3f241dae040218a23830a8c32e57f7cd530860ce0d841c8f86d7320a61432f5cee51008d469a5fe3f452e477b02010c51c94cc65727491e5b5812480814ce0d985e26c18ee884c431bf45bf673b0c50f0aeb719ac5899cec23b6a6c9e3114c7eaa1a242cc74bf3cd130d88be8452f080e51e32003146c265952e0ccf288fafbb07009a03f7253fe1ed66315ddd8c2cdc12091d51d8188bebc0e70f63dd83e0d207d5c1e0e65f43f1b07d0941af000118a8460131fa96752b4382665bdf270014900f18cad47f88820b1b630826504450371b7b390ccf10e9d88523034c72b3665b2a51a1c6f8e2d2232afee7610d48c7bef6ce4328bf75b065291399db8c688c420220f9ef66740705621291d6f78495c8d8383d216cc63e1c6400928c62a6c0120b8406163438e7cecc9c6e0a3f3fc73bdbbd3103d38f2b9fb46db3cc7bf1bc04cc3bed67004850ebad980081c1457c6c186d7a886cfd1f5c640218a211a122d0024b04308d0371f97f43dda15a67a0e1b2003895910ea2010a8d2f2fdc61dec331c6d33c058353061fbbda9c9fe392043b83671208d463922082c6ee6105108015e3671e3c1ded32d39fab0e71936cd0994c6886c8e0d9ba43f3dd110188bbb8b978871bfcc1fdf568f1b01ec71b8e008972f6f469518a725b59c8d79e68fc6c45d9b0604ebc6f09c08f76831390e370723e2e2fcb755a351859c530091fd444006375701cfd0e317e979b419b2f7c66d9172102310b0484c69675f343826e591c6e870b98e317e9791692f47be3fad73073b1081cbf3caccd81b264c40c8dcfc4f7c7f4bd8b438865ef8c5f22e842046210590bcb7b32303829e022523adc862731c64dd3f22d0e0721c6d2e47c5d41650248d0eb666037051c99e39dc5a273f438cdba5e6d182188f638de312218b5da0490a1c3340bc45910018c915c3e6186d70653893c6c08c48f7699adc7d586721bbb247f1d90111c1b361c198d34b7c841f71e3ebd26d3390583b1c403ebd5e266bc7243e7706cc0f0f30c77441058da1c2d4b200000e37b023cda02c5d303500f1b9d1de609894c7eaa00238b31323cf74740622cf2647b6f60f3c21dad72c438db6988f6bd52cd4629f974c2cdb880d7544a2622ca09b2f67d71808544729d4bdac03e7e8fae321c3145c38fd52f40c4dd49a1a8b368c0123fa88e80c6c5fb9cce678dcb8c3bdb461230efbd8360d607d5ec2c8c426848263d8b363591c1763671e37c6422721610059fa1eed889021080547186b14ce88820b1bd801d88432479e5a599d01c26898948feaf13d94e4c85837d2101d2ddc89f81dec3043cab7c049389a0b0cd41c77b335138299c89d75e0ae12019438f900219d2e0f848c0f5b0092a98cd10498cefae31323aeb6674070519317c76fe5cc1132cb7b08e1ccfab8b993103d2c212c0cf3defc469790e1b20410e2c88043144787986197243612ae48029038c66901148d6e3821e54b0249251e53fb17e3222f8ec8688e0d9b082ab06499e1bdc8120b841055239d80df912d11041637e9b83a68874ce0dc40690118a74cae71d2875a1b1880c6a3deb7f788894c7eaa1a238b8339226796f75895a14362f08f9861b5ffbbb18a73798c2d8d65846d34dd413adcc20c2c0d81008628c445a76bf8d118a78c0131fa96b15fd86ef13229723bd89008628af142a30cafe0a66213b101a696718fd02f31b209731ad93ac1c143a14483622fc1104242a74b2279d418945a5726f2306621386898f764ca18d0d51b707c5fa57b66ee537fa819591f118045f2a83017b002442aefa8c2c8804314f11d853650e2bb9561ca6b230c2bb265cc2c880ec026c080487bbe881375dc58c2cd9cb85121b9197745d98e74ef73790279288ac3013d3ca16cd73ad99c1d8052d63f7ccdfc009baab4a8c2d08043151601dcb4928d98fa153645a94631c946c19cf4514225d87eea99400e5687a66014980d3d9f8103331086c8c38e56f29fc7853410b5d040c883d76447b8222dc355fb11aa06de35444d87546cb1947441ce3f4a50fce2803030b676da94e580090f83049389a1969b8ebaa0410e3e181ccc38669cb39f868ea38344e03a547c1921d804f300635e9822492e7e2078ec5344338ea9f438f807ef49d4a74174a7c6167e8515747d6c800e0b8be43c97c014d5c81ecfc81f76b953b28135cc4bf7740d81bb81718285c4e52eea044b0c07ca1d718a80c2e73eea1e04bb8fdd108701b88d7260a56e72d64a002fb1455c87e64120b853b7ac7ca1249fad515387dac2f9ba949dc20691e12409a93a3a853d0e91f0a4c27a6ab54158632fce8d39939ff0042048920091775cff72b9bee513ccbba24667fea6fffc4002411010002020203010100030101000000000100113031214020416150511060718081ffda0008010201013f10ff00d4897b9f79f59f49f7837b963fe82836c0c7f822915db2ef005a605ee1ec20fb9a47f6760c1349eda2df4b4ccfe09a67f56d9ae22aefb35b8e3f467e677753388e1f9822d9c070fc1d2fe528f0da22b7f128e2044b3f1540b63f0d3f1d5e21367e199b62bcc0ba837a82f6c3df02f53e73e33e33e714f519bfc3118ee1991590bfeff040db1ddb9017822b7c40fd801acde8a27b4da190539268bbef81b622b71a9c10e0028ea6a389bdc9a0efba66d8eedc40ad13db00051d8e40e23bce2d4a74efb602d88ef17fc184f1db412988738828d908fded5ba358b9c7be5ccdc454e177640167629e18d15904fdef81e63ba70d9a75d71ba2ab6e415590b8bbef99a63ba70d85badff0b30d7240e0efbe6698ee9c08ac8561d4e00f7d1b7be11fb111a70720f7d35ae672dfa29694c3cf74abfa604544454e3d2d26fbdcd1ac1c27f7a57ce0e41ee01e63ba71b7175044b3ba753111a70513d8de1bfc99a633a71bbf90059ddf5b0733d05d4fe60ffee7800a62bf98d1f10cd9dc014c0aa7cea1ceb45c565f3af3c9014c6e66b1bbb201b3b95b81539aac1a8f32094c4e46b1a2b219fbdbb03072399c8182a0c34e3051b217177dbb13cea5ccedf9d4f5906a696ddad180ac1cab6df9ec726d6d358edec963c0ec6454dc02b28b99b888d38e9ec096544a7cd72322a580d03319fb11538f434837c9d734fcd72991f1f30b6ba00798ee9c6dc5d4112ceb0f33c9d0f3e47a266988e9c6afe401675470f3d193d3cf5f480531dfcc68ec866cea6c79eac9e9e7a3a682531b99ac6eec8078e9ec79e8c9e9e7afa89736b4c68ac867ef4b63cf564d0f3e07ad4e3051b217177d17c3cf4643e7387af6e3353ea3a0afcc724dac0acbd7d8da2570f691db7cc72b905b302bec4b99b888d38e9ca2d1780f2728a53cf913b227ec454e34e2ea089663a9e014329a5e743da034c774e377f200b3168f305c0a2b2e870543da334c47ce357045986e5f3b0e6b9c1c4f6c0298efe63676423679dcb836666e581e744f7104a6373358d55904f95ff0c1439eac0709fcee6e7c4634564335efc09162db6f9d01d0b5c1cf7e4a0a3640e2effcded306fe8adcc1616ef5b90b61cb45be7cc2da95074794fe6045643b8ef07337111a71d25e0bfe1d3e3b059e75df237ee22a7a217c4e1ba7cc1b30d7cbbe2622a7a1736eaf3469c3f61df234c774e66544014754ea6055387436ef88a62bcb52ddbd7ad4de2b7be00a63bbf58ef5b5d9bd4d627e1a4112cef085312d50051d941298cfe62678ee288b62f0358915100d1db014c474e3438812ceba872c1388456e20568867ef74cd31dd38c51b2391a07a68e4c32372e30568826ddf7ccd311f397eb456e691caa1b81d7315ae229e5c88a8867efe080a6373359cd6607b80f6427f49f69f49f68cd1e88fa08afb8abbccee88078fc3dcf77e3db9ba8028fc6e47dc769fc305688073f9241298a73089c3f81ca3c109e3f337309cf29aeecffd9fd0d891c84d8eb82ea337c7ead20ee275c41eb98ec1d105d45c16d3407ed27d47d0c7d4c4bd44bd4a7c86d104f507dc07b605ea006bfd0e9fc9f29f294fe4affd4dffc4002c100100010106050500030101010000000001110021303141516120718191a140b1c1d1f050e1f1106080ffda0008010100013f10ff00ea32a4cd562bc65af9af6d61f6a4b1e82b427dcfd5603d707bd7862fba8292361ffc0ef7a07dd5200ec923bb052a4d024783eea5629c8fdd9a95827218762a4c3d51e342523a8d42d8f900f7a82b44cbce44d420066a3f9a803353e48b7c545ceb213b1b7f99d1ea633c8c5a93cb84f162f8a96b432bdd8f9a6c8b8a95f4228c8c350e47e6789a0c186690f77dd47ca3fcb71e9fca59056c0eee075a880ae77ab0e94af1f8a57abe9c5192ca9660db74713bd47a5ac972be1d6821b489227f1e5c1785bf5381d6969773a14df13edeb4e4833e12a8044b24ca73cbaf7a0464244647f8b7996636a6819d44d5d906c79e5d3bd2a952ae2bfc00fb5b6acf469d284d92b478399fc4d97b58ca537d5dab3e872c360c8fe0df83a44846a5eb8427619f3c79d01df95c89fc299c895c0526ec2601fc1b7f0f249f4a6d6e68ef5829b44db9f3fc1c214b071740ab5c3db2cdceaef7d2c5732bc546b04c9f863e2a39d586f262a397b90f07cd6a56aff9afc8073a309fbb6a571fd9b57b6027b5621f9658d494d76df71ab528692fc8fc54d27369ed0a6237b60ef85f668e7304d13328b40f8f66ff00a65fc0b5c1226d7eb7a99b303c1d02f0d2966178a9d55f9859e6a2073547641de800ce011d8bd4400e224d4a28b75e2c7ad44b0c8a1ecfa2a0ee98192b90b2f1ff000c942346d0a300e4df6f5ed149a036bf835690fe14c8640645dc94d982398e054c163c9039b8bd22849e6409e7afa34c1684246a202f9897cfe9149425fdc6675bb7a0a94423ad19305bd80fcebeb67f0e00dba056575461941b5d280b81cad009e711acfc6477ac18b5183d3a01104711a2e125b66d37c9d2a608ad85bcb6e920bc5108eb41496965b0df53d594e925f06f4d838a367ddab747e28b63c7619fb540688cf73df8bb5025943dda6d40ff00b44479a6937566f96adb2e99260b6547a42e68fb852a0939803b9f6a4cc0d48fb0d63703fe613928f88ed4b797a3cf3a452222588dc866162c340dc3816ba367d48220012ae5533394fe1b5d0c2504d6cebb28f01a01005ca812d8520f59a4107b27976a6903802c377f01495cf17beedc29f80484a1581c9f9dfc3d2b57583ee2b4eb7002c3981feade9a70dbee1a9736ea184c3386a79c1699acc773d44cd8a96627cb3db9ddb29c5e8344cca99c4f6eda6e6a5c581ba6d3d1c8dda9675c1c43b9ecdaf713e792a7036b0b174b0e676a0d710a435138ec8a966b5f936a85b389e06a37328b280d797db6e54008224899fa686ab45cdf831a4c6b2b156f1fb24d02d08ec6ff00a71304d9c53d0ff03c52557b509cfd0104cf5bcdd66fcd087c2b069865c7261313ea0a9cb0da27307d5ce2ba6236e9f33db97a504400255ca95c198f533eaf68be7d412508d1ce6460723476e0620512d777f77b7a389416274c559600b724eda39f1c5a1c40e60a9a0bb061949b5c451f13e29b5ea8cc3a3e923e09a21b733be1dfd00240322308d4626ca6cddbe7ff001e1c849b5326e3b1cecf493d80b43bb5f0e5596621c7396e71bfb0eaf93a3b34e516c504b8978698db323be1dbd19146118018d4cd10932703d1220897655873462728a52024e54c57d315742070c00fcedca8010449133e316cb61839f33dae09b912262348f4820d0e3df1ebe8aca1b68643edf66e09caec9c066bb5324487dc352ec948cdc9fda91022588e5c70d99c2cea15953c5314bee8f668149734fd8294845b9f753ad2900f64f9a2063019f962792b4abd6072383d2e5214212db8476c39471a090da35831661c33be47f5718432c7807175b4ea7a15113016ab4833365e86c3be3d6e30521322dca3ae3daa1d03b32d5a3a9b5359c3260ea39976da00cf2e6a488b023c100a924aab388637799bc73a1c7b0300d838b10ed987f551b565692dfec6de74e5c88448478d4358659d60ede628619e6c0248f1c63119d1b0698cbaec938d312c4311289a9610646c7cfa0c13730b717b4dc24f16ceccbab677a000101601ff0011da4b7146a7d5219f6c6b0dbeaee7d60bfa5a6ee0f3ff000e20b367ea812307587b1eeba0ec30101fcc73a72c88448478db5fbf195bf33a5c60230835fc1dae307410ba960ed1dbd05bed683acf88b8b22609f1323b5bd7800ce01cd6a39350b16d9963b3a3770da060e253884e4e4958ac4816ae073717a179665986b130ebc1de35e35819e9942d3c275b813256f6dfa500f0be967c6cf300833c09da69cb0122665f2e70f6d0096b1b8ced2f1db287a0daf7c3ad000010181c21592283f98f0addbf6ceecc90f4f0661d9a0681c1db57c9bde1b7511989569036cb064f521ebc49cc761869519111d46e2cc21b3d183d4f6b89e4927b6f117d66831d4b5f03719d243bdddf6e33fc50522537c6ce2733537bb7d4fc4c1344cca8b100b77cea3daf021c194e8bd9f1c6a83202dc21f25c1da45d2ed3ebad2228909c787409ee58f84ed7d2b2c35bac1ecf18332a019ad41ac3899b16bd59b8466042248953a9a88eed46d95db814955a344d00b701bfe976101631d0678e522cabb3f75cd9c1d056bde4e9c72c31d0dfd97d0c322e921f33c76bc3bec3cc5d8581b61753bb6a45224262374edd65108d00d36359f47bae84ce4bdb8c6a4e47e6e65b682bf9e31c28411deb01e17a9378a1402bcab11e0f5678ed01a8f2de0d70b60312cf9a00411b44cee8542912d132a088989bb376fe83e32c0c27ef7317120ea25f13716bd915e8b1e22f23d6118ee90796e261213f783c0bd341a74cb3e4a0c0048976b37d5476ecdf2a04821223637df3f3f52e4d795be491566ca17318e396dc2e80bc42061f1e7e2e2c5a10bce09be350ab55fec28d992ed7436317ec36a0d0325225efcfcfd4ba8e4812fe37e3b72f8f52f16b181e38c8e3ec18a00180417e6a6ecbc5c1a1938cccc77bb3928ee6efa51d24946379f3f3f52eaccfe8e3e38ff2ecaf8bc8f59db07df1ee2fb0f4268b734649524a062625dccdaeb76c773468d4776b44c9bbf9f9fa975c93fb2fbe382ffa0bcb2e678d07daf6b7d11a0918f3565ac7fd4bb35800cb0fbdeb68826268dd7cfcfd4bae641f27df1f3885e5e3719f9767d19a388b4095320c64b4031f06ee2e3d8983a269537e0dbb6bd7737b9f9f9fa975f8daf1bf2355e7581e34df69decf4868508c12246ca456193b7ecdd95dab24b067b3a947601c4fec1ed71f3f3f52ea6d2bf93eb8f9412f29bfbcc1f5c7a2923b3d21afc0d14080224239d348dc2d6eb766d95dbcb695423582b21804b637d4e3fcfd4badb0deebeb8e6dfee0f9bcfd50438dcbc47b1a3270027a335f81a3fe8c4f012cdfbb6ce9101118472ba410046c469e66b8b33fa717e7ea5d46ccfb1cfcf1d9a588eaa3e6f27c12aed8fbb8b44966f3887cfa335f81a380440270fe8dd492060a11d2efb841ee70fe7ea5d448c881d941edc73c0ccf9abf1790b12c7e70a79b891d95eef0f4635f81a3856443b3b3ed480d20569767230c43f96d229121311ffbf9fa9738c387a1348e4a93bbc73816c0720fb6f01824486971e765638e52610e563ee7160784f0cf06bfcad7f95aff002b5fe56bfcad31a127022b1e3689e0322092bfcad7f95aff002b5fe56bfc2d021024065a3a9482bb31a8e65d88901da8e5c88472ff009f9fa97360d883a8dbe06e256210fa94f117b6748ee82df23c763674bd8f78e2da7d56e5f67279d20800d0a3113d0e21a41e3d669a6b8f3a458c04b5fadaa02d99606a37760422cd5b3485d881afcfd4b99d2c08f3b3d9c615e401bb580f87a117b09d889f27190921191d2898ca6ed160ee3c598220e064d9e4f37ec54b739197267db5a32c0800803fecd4cb431751a8fd2eccb1f876bb87d83072a0485b80ce91736d47b307b4f5e39449e9cb4798be8fc867baf13718fa10ba360ef1df8f32441c4c86af0f3b2f6360c46cfb4f83a50be21300384f925a396e68d41f218187b0fbdd91b4acc11a3f742638b1569a3f7c765478d9e097a5c4f8102f9be08f970398d63c266e4d8f68e3122d9c19bb1f14658122667120800d207112b7eb45b9f874e57846b1d259f7b9142fa20335cd5cd78c3ba41489438218e3b2edbddaf9c4190d1332a4c85b76ddc6a715a7c3619bfa3ddb8b193aa2d7b41d2ff35ebfeb28ed718b782de2e77c74e323d24bdcd135a998910ecfb0ccba9a17b5730b40a9e825a0ddaf832b9082f009134a7b1b436bb8d7d97691127f0c287c278f66ff00a65c18d8143b0756a5f4afaab3c6911267936be0a000040605fd8fc3ab93a925c49264c4cde3db1e941806030478e2f13633663f5a54ae3d83921a8dc1c4167cfd50430e43c5d1b3fbbb411124712b12380b0d51f1daedcf14942344611038723476ff00b69ca596794e87bdc458c2d5eebd8efe86ca67da965d193a5c4dd8c94bd1e9edcae16904adaead9f18d3f41910a3880400695380142ad6ae3365df56f9fa1160c4421a32db42208c8e09746dc8911846a313458d8e8fbd2782edb9b87431a432c23157178dd2040cd6c2a34204467897ab3e86064cca315fc31e8dc42d513e1da9c2b0c4f6e70dc1352cab072e4cbb69488106112d1e0c582b3a605c6cdbbc1bfa0f8a88a60e7fd28c9909133bac2b617ce1beaefb5c5b72113cd7d1ee7a232c084704a814c9999bc3b61d2e24014350c872f6a1c0290644b8816fe0f8ec3dfbebc18b69038f51a69ae3e8be5b999b746e5032c027a141640315702a10988b3717f69e8e765cd1e3f81e972315a43316bdb4b84100448473a543c06c5cb9b2d30d3fe23136c8cb933edad0330200200f47f25f68ead1e98bb9e831d1ad4e6bd0f2ede96661ab1e19df23fab81864c68e0838761d1fc9b855c42240d4b2619d6e5f874b76a37c4260065e851924204b57fbbaff00775feeeaca1b88e1a8d13f1848df12f3027219af22a3f4a37d5775b7d2d9771986d2c1a782c05c39644818468fc921ac3f1dfd5c1a15068541a15068507ac2258ba8e4d47b576659b1d1daf706b2812dc939b8bd3d3e392c82d1f92e41228911b468407498dba1df3f5e69123dc6cd2090f0edf99be776832acc4b34f919fa966ca218ff000dd00d1598e7f279a05172b91f5b8634699d33913578ba93e0c0d9f7694422003f63ea4ca2d82252e028bf3b72ead1719bfaddca39002d1e1a9eada6588e2b40cead1aec41b2ddc8d8ba7f8980d3776a8f2c11b7ead3d5c342639ac937a1c24b4cb3ecd4ba7e8e91211a1cd561e43f1a259ec0dbcc627a7347b2301d68f0706383c8c5fd8d6624e586c19175077535ab56680fa8dbdfd6cae46d3ea0a9a12b44e60fabbc344d11ad38ab03acc1f1447361307aadf46b03b2054e3615b8f2317c5447c3216728c2edc0b414ab440f5000fc4bebe4845a18ba8d5a516cd63f0ed7875c168909516c3952f9545e608f8edf1450bee47c31bdd98f91e6a506b2b0eec789a9f7f90f3b678a6c9d995e6f12a0403f5945212dbfd31cff00811d4b6acb7346a428ac4b76fdaf8519184cca8a0830f0666a2c17555e18f14d83524df08578651f66b13fcce057cb63f149fc1f5d67bfc395629e8bee9521b47c24d4901ead7f153438c81e45b4d137152f9be3f259d60eab51be0d9add8686dfc18416804894cb78b9c7cb952250308908ff000d68c2b596ed1f38562754d56ab9bfc3126436059c8cf9e3526e5c2b796ff06aa2e072b563c368b3ce67cb0e740800400407f118b7e4e4a9e7c75ec7367c9f34e8f62193a7f0129cf6c561f8b5a8a5433dcf7e3f8c8470458b94d5840db0203967d3b5283684213a7ac7a4fc88136316aca5b26c1ec1effc8598520163c92da8c6c73c4383e2b4a5b643c9c1f4f615f052bd0ab402e67d1f3156201cb3b181fca35c44183d1a9370cdcf73e22a4c2f03c1b679a9cbb741ebe84e20e085d8a8452d43b12f8a87cecff79f150e566db3cdc5fe65e0931048d4b2ab75e2a4557420f86a5d0744bf67dea464067f2953f62e6c5ed4e42fb870a50ae4579641f150314e70f7b50c899c8bc1f350ceba0f257daa055866fc30f15b50723c7fe0ac407995e73834a62bcfeaa8f0fddb5783c2f8af0b00ff00ea6fffd9);

-- --------------------------------------------------------

--
-- Table structure for table `moderatechoices`
--

CREATE TABLE `moderatechoices` (
  `id` int(11) NOT NULL,
  `question_number` int(11) NOT NULL,
  `is_correct` tinyint(4) NOT NULL DEFAULT 0,
  `text_` text NOT NULL
) ENGINE=InnoDB DEFAULT CHARSET=utf8;

--
-- Dumping data for table `moderatechoices`
--

INSERT INTO `moderatechoices` (`id`, `question_number`, `is_correct`, `text_`) VALUES
(1, 1, 0, 'Give a signal after moving off'),
(2, 1, 1, 'Look around before moving off'),
(3, 1, 0, 'Look around after moving off'),
(4, 1, 0, 'Use the exterior mirrors only');

-- --------------------------------------------------------

--
-- Table structure for table `moderatequestions`
--

CREATE TABLE `moderatequestions` (
  `question_number` int(11) NOT NULL,
  `text_` text NOT NULL
) ENGINE=InnoDB DEFAULT CHARSET=utf8;

--
-- Dumping data for table `moderatequestions`
--

INSERT INTO `moderatequestions` (`question_number`, `text_`) VALUES
(1, 'What should you do when you move off from behind a parked car?');

-- --------------------------------------------------------

--
-- Table structure for table `users`
--

CREATE TABLE `users` (
  `username` varchar(100) NOT NULL,
  `password` varchar(100) NOT NULL,
  `email` varchar(100) NOT NULL,
  `birthdate` date NOT NULL,
  `gender` varchar(1) NOT NULL,
  `firstname` text NOT NULL,
  `lastname` text NOT NULL,
  `phoneNumber` int(8) NOT NULL,
  `enrolled` tinyint(1) NOT NULL DEFAULT 0
) ENGINE=InnoDB DEFAULT CHARSET=utf8mb4;

--
-- Dumping data for table `users`
--

INSERT INTO `users` (`username`, `password`, `email`, `birthdate`, `gender`, `firstname`, `lastname`, `phoneNumber`, `enrolled`) VALUES
('aliaj', 'ali123', 'ali@gmail.com', '2006-03-26', 'M', 'ali', 'ajram', 73649374, 0),
('miks', 'malak123', 'malak.ajram2016@hotmail.com', '2002-05-23', 'o', 'malak', 'ajram', 71055164, 0),
('safa', 'safa123', 'safa@gmail.com', '2002-10-01', 'F', 'Safa', 'Halat', 48489823, 0),
('sims', 'samar123', 'samar@gmail.com', '2002-05-18', 'F', 'samar', 'sharanek', 71055164, 0),
('testuser', 'testuserpass', 'testuser@gmail.com', '2000-01-15', 'M', 'Test', 'User', 71055164, 0);

--
-- Indexes for dumped tables
--

--
-- Indexes for table `challengingchoices`
--
ALTER TABLE `challengingchoices`
  ADD PRIMARY KEY (`id`),
  ADD KEY `foreign_key` (`question_number`);

--
-- Indexes for table `challengingquestions`
--
ALTER TABLE `challengingquestions`
  ADD PRIMARY KEY (`question_number`);

--
-- Indexes for table `easychoices`
--
ALTER TABLE `easychoices`
  ADD PRIMARY KEY (`id`),
  ADD KEY `question_number` (`question_number`);

--
-- Indexes for table `easyquestions`
--
ALTER TABLE `easyquestions`
  ADD PRIMARY KEY (`question_number`);

--
-- Indexes for table `easysignchoices`
--
ALTER TABLE `easysignchoices`
  ADD PRIMARY KEY (`id`),
  ADD KEY `foreign_key_question_number` (`question_number`);

--
-- Indexes for table `easysignquestions`
--
ALTER TABLE `easysignquestions`
  ADD PRIMARY KEY (`question_number`);

--
-- Indexes for table `moderatechoices`
--
ALTER TABLE `moderatechoices`
  ADD PRIMARY KEY (`id`),
  ADD KEY `foreign_key_for_question_number` (`question_number`);

--
-- Indexes for table `moderatequestions`
--
ALTER TABLE `moderatequestions`
  ADD PRIMARY KEY (`question_number`);

--
-- AUTO_INCREMENT for dumped tables
--

--
-- AUTO_INCREMENT for table `challengingchoices`
--
ALTER TABLE `challengingchoices`
  MODIFY `id` int(11) NOT NULL AUTO_INCREMENT, AUTO_INCREMENT=5;

--
-- AUTO_INCREMENT for table `easychoices`
--
ALTER TABLE `easychoices`
  MODIFY `id` int(11) NOT NULL AUTO_INCREMENT, AUTO_INCREMENT=66;

--
-- AUTO_INCREMENT for table `easysignchoices`
--
ALTER TABLE `easysignchoices`
  MODIFY `id` int(11) NOT NULL AUTO_INCREMENT, AUTO_INCREMENT=5;

--
-- AUTO_INCREMENT for table `moderatechoices`
--
ALTER TABLE `moderatechoices`
  MODIFY `id` int(11) NOT NULL AUTO_INCREMENT, AUTO_INCREMENT=5;

--
-- Constraints for dumped tables
--

--
-- Constraints for table `challengingchoices`
--
ALTER TABLE `challengingchoices`
  ADD CONSTRAINT `foreign_key` FOREIGN KEY (`question_number`) REFERENCES `challengingquestions` (`question_number`) ON DELETE CASCADE ON UPDATE CASCADE;

--
-- Constraints for table `easychoices`
--
ALTER TABLE `easychoices`
  ADD CONSTRAINT `question_number` FOREIGN KEY (`question_number`) REFERENCES `easyquestions` (`question_number`) ON DELETE CASCADE ON UPDATE NO ACTION;

--
-- Constraints for table `easysignchoices`
--
ALTER TABLE `easysignchoices`
  ADD CONSTRAINT `foreign_key_question_number` FOREIGN KEY (`question_number`) REFERENCES `easysignquestions` (`question_number`) ON DELETE CASCADE ON UPDATE CASCADE;

--
-- Constraints for table `moderatechoices`
--
ALTER TABLE `moderatechoices`
  ADD CONSTRAINT `foreign_key_for_question_number` FOREIGN KEY (`question_number`) REFERENCES `moderatequestions` (`question_number`) ON DELETE CASCADE ON UPDATE NO ACTION;
COMMIT;

/*!40101 SET CHARACTER_SET_CLIENT=@OLD_CHARACTER_SET_CLIENT */;
/*!40101 SET CHARACTER_SET_RESULTS=@OLD_CHARACTER_SET_RESULTS */;
/*!40101 SET COLLATION_CONNECTION=@OLD_COLLATION_CONNECTION */;
